height,weight
67.17704,127.8719
67.06687,123.2179
72.42515,129.0739
68.80719,142.8541
69.20003,131.5186
69.51925,142.2807
66.65205,112.4741
66.55309,117.9982
65.65343,108.2289
68.06118000000001,119.3436
